{
    "$schema": "https://schema.management.azure.com/schemas/2015-01-01/deploymentParameters.json#",
    "contentVersion": "1.0.0.0",
    "parameters": {
        "location": {
            "value": "northeurope"
        },
        "networkInterfaceName": {
            "value": "vmciber02"
        },
        "networkSecurityGroupName": {
            "value": "VMCiber02-nsg"
        },
        "networkSecurityGroupRules": {
            "value": [
                {
                    "name": "SSH",
                    "properties": {
                        "priority": 300,
                        "protocol": "TCP",
                        "access": "Allow",
                        "direction": "Inbound",
                        "sourceAddressPrefix": "*",
                        "sourcePortRange": "*",
                        "destinationAddressPrefix": "*",
                        "destinationPortRange": "22"
                    }
                }
            ]
        },
        "subnetName": {
            "value": "default"
        },
        "virtualNetworkId": {
            "value": "/subscriptions/59d661ff-334b-4432-9118-38efe7935b77/resourceGroups/ciberseguridad/providers/Microsoft.Network/virtualNetworks/VirtualNetworkCiberseguridad"
        },
        "publicIpAddressName": {
            "value": "VMCiber02-ip"
        },
        "publicIpAddressType": {
            "value": "Dynamic"
        },
        "publicIpAddressSku": {
            "value": "Basic"
        },
        "pipDeleteOption": {
            "value": "Delete"
        },
        "virtualMachineName": {
            "value": "VMCiber02"
        },
        "virtualMachineComputerName": {
            "value": "VMCiber02"
        },
        "virtualMachineRG": {
            "value": "ciberseguridad"
        },
        "osDiskType": {
            "value": "Standard_LRS"
        },
        "osDiskDeleteOption": {
            "value": "Delete"
        },
        "dataDisks": {
            "value": [
                {
                    "lun": 0,
                    "createOption": "attach",
                    "deleteOption": "Detach",
                    "caching": "None",
                    "writeAcceleratorEnabled": false,
                    "id": null,
                    "name": "VMCiber02_DataDisk_0",
                    "storageAccountType": null,
                    "diskSizeGB": null,
                    "diskEncryptionSet": null
                }
            ]
        },
        "dataDiskResources": {
            "value": [
                {
                    "name": "VMCiber02_DataDisk_0",
                    "sku": "Standard_LRS",
                    "properties": {
                        "diskSizeGB": 32,
                        "creationData": {
                            "createOption": "empty"
                        }
                    }
                }
            ]
        },
        "virtualMachineSize": {
            "value": "Standard_B2s"
        },
        "nicDeleteOption": {
            "value": "Delete"
        },
        "adminUsername": {
            "value": "ubuntu"
        },
        "adminPassword": {
            "value": null
        },
        "autoShutdownStatus": {
            "value": "Enabled"
        },
        "autoShutdownTime": {
            "value": "21:00"
        },
        "autoShutdownTimeZone": {
            "value": "Romance Standard Time"
        },
        "autoShutdownNotificationStatus": {
            "value": "Enabled"
        },
        "autoShutdownNotificationLocale": {
            "value": "en"
        },
        "autoShutdownNotificationEmail": {
            "value": "fp.csifc01.2122.11@gmail.com"
        }
    }
}