{
    "$schema": "http://schema.management.azure.com/schemas/2015-01-01/deploymentTemplate.json#",
    "contentVersion": "1.0.0.0",
    "parameters": {
        "location": {
            "type": "String"
        },
        "networkInterfaceName": {
            "type": "String"
        },
        "networkSecurityGroupName": {
            "type": "String"
        },
        "networkSecurityGroupRules": {
            "type": "Array"
        },
        "subnetName": {
            "type": "String"
        },
        "virtualNetworkId": {
            "type": "String"
        },
        "publicIpAddressName": {
            "type": "String"
        },
        "publicIpAddressType": {
            "type": "String"
        },
        "publicIpAddressSku": {
            "type": "String"
        },
        "pipDeleteOption": {
            "type": "String"
        },
        "virtualMachineName": {
            "type": "String"
        },
        "virtualMachineComputerName": {
            "type": "String"
        },
        "virtualMachineRG": {
            "type": "String"
        },
        "osDiskType": {
            "type": "String"
        },
        "osDiskDeleteOption": {
            "type": "String"
        },
        "dataDisks": {
            "type": "Array"
        },
        "dataDiskResources": {
            "type": "Array"
        },
        "virtualMachineSize": {
            "type": "String"
        },
        "nicDeleteOption": {
            "type": "String"
        },
        "adminUsername": {
            "type": "String"
        },
        "adminPassword": {
            "type": "SecureString"
        },
        "autoShutdownStatus": {
            "type": "String"
        },
        "autoShutdownTime": {
            "type": "String"
        },
        "autoShutdownTimeZone": {
            "type": "String"
        },
        "autoShutdownNotificationStatus": {
            "type": "String"
        },
        "autoShutdownNotificationLocale": {
            "type": "String"
        },
        "autoShutdownNotificationEmail": {
            "type": "String"
        }
    },
    "variables": {
        "nsgId": "[resourceId(resourceGroup().name, 'Microsoft.Network/networkSecurityGroups', parameters('networkSecurityGroupName'))]",
        "vnetId": "[parameters('virtualNetworkId')]",
        "vnetName": "[last(split(variables('vnetId'), '/'))]",
        "subnetRef": "[concat(variables('vnetId'), '/subnets/', parameters('subnetName'))]"
    },
    "resources": [
        {
            "type": "Microsoft.Network/networkInterfaces",
            "apiVersion": "2021-03-01",
            "name": "[parameters('networkInterfaceName')]",
            "location": "[parameters('location')]",
            "dependsOn": [
                "[concat('Microsoft.Network/networkSecurityGroups/', parameters('networkSecurityGroupName'))]",
                "[concat('Microsoft.Network/publicIpAddresses/', parameters('publicIpAddressName'))]"
            ],
            "tags": {
                "env": "produccion",
                "name": "VMCiber02"
            },
            "properties": {
                "ipConfigurations": [
                    {
                        "name": "ipconfig1",
                        "properties": {
                            "subnet": {
                                "id": "[variables('subnetRef')]"
                            },
                            "privateIPAllocationMethod": "Dynamic",
                            "publicIpAddress": {
                                "id": "[resourceId(resourceGroup().name, 'Microsoft.Network/publicIpAddresses', parameters('publicIpAddressName'))]",
                                "properties": {
                                    "deleteOption": "[parameters('pipDeleteOption')]"
                                }
                            }
                        }
                    }
                ],
                "networkSecurityGroup": {
                    "id": "[variables('nsgId')]"
                }
            }
        },
        {
            "type": "Microsoft.Network/networkSecurityGroups",
            "apiVersion": "2019-02-01",
            "name": "[parameters('networkSecurityGroupName')]",
            "location": "[parameters('location')]",
            "tags": {
                "env": "produccion",
                "name": "VMCiber02"
            },
            "properties": {
                "securityRules": "[parameters('networkSecurityGroupRules')]"
            }
        },
        {
            "type": "Microsoft.Network/publicIpAddresses",
            "apiVersion": "2019-02-01",
            "name": "[parameters('publicIpAddressName')]",
            "location": "[parameters('location')]",
            "tags": {
                "env": "produccion",
                "name": "VMCiber02"
            },
            "sku": {
                "name": "[parameters('publicIpAddressSku')]"
            },
            "properties": {
                "publicIpAllocationMethod": "[parameters('publicIpAddressType')]"
            }
        },
        {
            "type": "Microsoft.Compute/disks",
            "apiVersion": "2020-12-01",
            "name": "[parameters('dataDiskResources')[copyIndex()].name]",
            "location": "[parameters('location')]",
            "tags": {
                "env": "produccion",
                "name": "VMCiber02"
            },
            "sku": {
                "name": "[parameters('dataDiskResources')[copyIndex()].sku]"
            },
            "properties": "[parameters('dataDiskResources')[copyIndex()].properties]",
            "copy": {
                "name": "managedDiskResources",
                "count": "[length(parameters('dataDiskResources'))]"
            }
        },
        {
            "type": "Microsoft.Compute/virtualMachines",
            "apiVersion": "2021-07-01",
            "name": "[parameters('virtualMachineName')]",
            "location": "[parameters('location')]",
            "dependsOn": [
                "managedDiskResources",
                "[concat('Microsoft.Network/networkInterfaces/', parameters('networkInterfaceName'))]"
            ],
            "tags": {
                "env": "produccion",
                "name": "VMCiber02"
            },
            "properties": {
                "hardwareProfile": {
                    "vmSize": "[parameters('virtualMachineSize')]"
                },
                "storageProfile": {
                    "osDisk": {
                        "createOption": "fromImage",
                        "managedDisk": {
                            "storageAccountType": "[parameters('osDiskType')]"
                        },
                        "deleteOption": "[parameters('osDiskDeleteOption')]"
                    },
                    "imageReference": {
                        "publisher": "canonical",
                        "offer": "0001-com-ubuntu-server-focal",
                        "sku": "20_04-lts-gen2",
                        "version": "latest"
                    },
                    "copy": [
                        {
                            "name": "dataDisks",
                            "count": "[length(parameters('dataDisks'))]",
                            "input": {
                                "lun": "[parameters('dataDisks')[copyIndex('dataDisks')].lun]",
                                "createOption": "[parameters('dataDisks')[copyIndex('dataDisks')].createOption]",
                                "caching": "[parameters('dataDisks')[copyIndex('dataDisks')].caching]",
                                "diskSizeGB": "[parameters('dataDisks')[copyIndex('dataDisks')].diskSizeGB]",
                                "managedDisk": {
                                    "id": "[coalesce(parameters('dataDisks')[copyIndex('dataDisks')].id, if(equals(parameters('dataDisks')[copyIndex('dataDisks')].name, json('null')), json('null'), resourceId('Microsoft.Compute/disks', parameters('dataDisks')[copyIndex('dataDisks')].name)))]",
                                    "storageAccountType": "[parameters('dataDisks')[copyIndex('dataDisks')].storageAccountType]"
                                },
                                "deleteOption": "[parameters('dataDisks')[copyIndex('dataDisks')].deleteOption]",
                                "writeAcceleratorEnabled": "[parameters('dataDisks')[copyIndex('dataDisks')].writeAcceleratorEnabled]"
                            }
                        }
                    ]
                },
                "networkProfile": {
                    "networkInterfaces": [
                        {
                            "id": "[resourceId('Microsoft.Network/networkInterfaces', parameters('networkInterfaceName'))]",
                            "properties": {
                                "deleteOption": "[parameters('nicDeleteOption')]"
                            }
                        }
                    ]
                },
                "osProfile": {
                    "computerName": "[parameters('virtualMachineComputerName')]",
                    "adminUsername": "[parameters('adminUsername')]",
                    "adminPassword": "[parameters('adminPassword')]",
                    "linuxConfiguration": {
                        "patchSettings": {
                            "patchMode": "ImageDefault"
                        }
                    }
                },
                "diagnosticsProfile": {
                    "bootDiagnostics": {
                        "enabled": true
                    }
                }
            }
        },
        {
            "type": "Microsoft.DevTestLab/schedules",
            "apiVersion": "2018-09-15",
            "name": "[concat('shutdown-computevm-', parameters('virtualMachineName'))]",
            "location": "[parameters('location')]",
            "dependsOn": [
                "[concat('Microsoft.Compute/virtualMachines/', parameters('virtualMachineName'))]"
            ],
            "tags": {
                "env": "produccion",
                "name": "VMCiber02"
            },
            "properties": {
                "status": "[parameters('autoShutdownStatus')]",
                "taskType": "ComputeVmShutdownTask",
                "dailyRecurrence": {
                    "time": "[parameters('autoShutdownTime')]"
                },
                "timeZoneId": "[parameters('autoShutdownTimeZone')]",
                "targetResourceId": "[resourceId('Microsoft.Compute/virtualMachines', parameters('virtualMachineName'))]",
                "notificationSettings": {
                    "status": "[parameters('autoShutdownNotificationStatus')]",
                    "notificationLocale": "[parameters('autoShutdownNotificationLocale')]",
                    "timeInMinutes": "30",
                    "emailRecipient": "[parameters('autoShutdownNotificationEmail')]"
                }
            }
        }
    ],
    "outputs": {
        "adminUsername": {
            "type": "String",
            "value": "[parameters('adminUsername')]"
        }
    }
}